ablation_code,configuration,seed,interception_rate,miss_rate,false_alarm_rate,mean_intercept_time,median_intercept_time,p90_intercept_time,efficiency,coverage,worst_case_staleness
A,Belief only,42,0.25287356321839083,0.7471264367816092,0.07,1.0,1.0,1.0,0.044,1.0,217.0
A,Belief only,43,0.19672131147540983,0.8032786885245902,0.068,1.125,1.0,1.2999999999999998,0.024,1.0,141.0
A,Belief only,44,0.14285714285714285,0.8571428571428572,0.05,1.0,1.0,1.0,0.016,1.0,233.0
A,Belief only,45,0.25675675675675674,0.7432432432432432,0.054,1.0714285714285714,1.0,1.0,0.038,1.0,156.0
A,Belief only,46,0.16666666666666666,0.8333333333333334,0.042,1.4,1.0,2.1999999999999993,0.022,1.0,128.0
B,Belief + Temporal,42,0.08928571428571429,0.9107142857142857,0.042,1.0,1.0,1.0,0.01,1.0,183.0
B,Belief + Temporal,43,0.3058823529411765,0.6941176470588235,0.082,1.0,1.0,1.0,0.052,1.0,140.0
B,Belief + Temporal,44,0.2815533980582524,0.7184466019417476,0.086,1.0434782608695652,1.0,1.0,0.058,1.0,224.0
B,Belief + Temporal,45,0.23684210526315788,0.7631578947368421,0.052,1.1538461538461537,1.0,1.8000000000000007,0.036,1.0,150.0
B,Belief + Temporal,46,0.14925373134328357,0.8507462686567164,0.044,1.4444444444444444,1.0,2.4000000000000004,0.02,1.0,128.0
C,+ Prediction,42,0.08928571428571429,0.9107142857142857,0.042,1.0,1.0,1.0,0.01,1.0,183.0
C,+ Prediction,43,0.3058823529411765,0.6941176470588235,0.082,1.0,1.0,1.0,0.052,1.0,140.0
C,+ Prediction,44,0.25,0.75,0.08,1.0,1.0,1.0,0.048,1.0,147.0
C,+ Prediction,45,0.23684210526315788,0.7631578947368421,0.052,1.1538461538461537,1.0,1.8000000000000007,0.036,1.0,150.0
C,+ Prediction,46,0.14925373134328357,0.8507462686567164,0.044,1.4444444444444444,1.0,2.4000000000000004,0.02,1.0,128.0
D,+ Pattern,42,0.08928571428571429,0.9107142857142857,0.042,1.0,1.0,1.0,0.01,1.0,183.0
D,+ Pattern,43,0.2926829268292683,0.7073170731707317,0.08,1.0,1.0,1.0,0.048,1.0,140.0
D,+ Pattern,44,0.25263157894736843,0.7473684210526316,0.08,1.0,1.0,1.0,0.048,1.0,147.0
D,+ Pattern,45,0.23684210526315788,0.7631578947368421,0.052,1.1538461538461537,1.0,1.8000000000000007,0.036,1.0,150.0
D,+ Pattern,46,0.14925373134328357,0.8507462686567164,0.044,1.4444444444444444,1.0,2.4000000000000004,0.02,1.0,128.0
E,+ Spatial,42,0.27586206896551724,0.7241379310344828,0.14,1.0,1.0,1.0,0.064,1.0,256.0
E,+ Spatial,43,0.3445378151260504,0.6554621848739496,0.122,1.0294117647058822,1.0,1.0,0.082,1.0,242.0
E,+ Spatial,44,0.232,0.768,0.144,1.0,1.0,1.0,0.058,1.0,293.0
E,+ Spatial,45,0.19658119658119658,0.8034188034188035,0.148,1.0666666666666667,1.0,1.0,0.046,1.0,232.0
E,+ Spatial,46,0.26277372262773724,0.7372262773722628,0.174,1.04,1.0,1.0,0.072,1.0,236.0
F,+ Uncertainty/Staleness,42,0.18446601941747573,0.8155339805825242,0.062,1.1111111111111112,1.0,1.0,0.038,1.0,45.0
F,+ Uncertainty/Staleness,43,0.25,0.75,0.088,1.1428571428571428,1.0,1.700000000000001,0.048,1.0,55.0
F,+ Uncertainty/Staleness,44,0.24761904761904763,0.7523809523809524,0.06,1.1818181818181819,1.0,1.0,0.052,1.0,46.0
F,+ Uncertainty/Staleness,45,0.168141592920354,0.831858407079646,0.064,1.1176470588235294,1.0,1.0,0.038,1.0,48.0
F,+ Uncertainty/Staleness,46,0.10476190476190476,0.8952380952380953,0.072,1.1818181818181819,1.0,1.0,0.022,1.0,47.0
G,+ Hop Prediction,42,0.205607476635514,0.794392523364486,0.074,1.105263157894737,1.0,1.0,0.044,1.0,46.0
G,+ Hop Prediction,43,0.15306122448979592,0.846938775510204,0.074,1.0,1.0,1.0,0.03,1.0,48.0
G,+ Hop Prediction,44,0.1958762886597938,0.8041237113402062,0.042,1.1764705882352942,1.0,2.0,0.038,1.0,44.0
G,+ Hop Prediction,45,0.13,0.87,0.05,1.1538461538461537,1.0,1.8000000000000007,0.026,1.0,48.0
G,+ Hop Prediction,46,0.15053763440860216,0.8494623655913979,0.05,1.1666666666666667,1.0,1.9000000000000004,0.028,1.0,43.0
H,Full system (Integrated),42,0.205607476635514,0.794392523364486,0.074,1.105263157894737,1.0,1.0,0.044,1.0,46.0
H,Full system (Integrated),43,0.15306122448979592,0.846938775510204,0.074,1.0,1.0,1.0,0.03,1.0,48.0
H,Full system (Integrated),44,0.1958762886597938,0.8041237113402062,0.042,1.1764705882352942,1.0,2.0,0.038,1.0,44.0
H,Full system (Integrated),45,0.13,0.87,0.05,1.1538461538461537,1.0,1.8000000000000007,0.026,1.0,48.0
H,Full system (Integrated),46,0.15053763440860216,0.8494623655913979,0.05,1.1666666666666667,1.0,1.9000000000000004,0.028,1.0,43.0
