scenario,scenario_id,category,algorithm,seed,interception_rate,miss_rate,false_alarm_rate,mean_intercept_time,median_intercept_time,p90_intercept_time,worst_case_intercept_time,efficiency,coverage,worst_case_staleness,total_observations,detections,switching_count,receiver_utilization
S1_Quiet,S1,tuning,Sequential,42,0.3333333333333333,0.6666666666666667,0.0796812749003984,4.0,4.0,4.0,4.0,0.00398406374501992,1.0,20.0,251,1,250,"{""R1"": 1.0}"
S1_Quiet,S1,tuning,Sequential,43,0.6,0.4,0.06374501992031872,2.6666666666666665,2.0,3.6,4.0,0.01195219123505976,1.0,20.0,251,3,250,"{""R1"": 1.0}"
S1_Quiet,S1,tuning,Sequential,44,0.6,0.4,0.055776892430278883,2.0,2.0,2.0,2.0,0.01195219123505976,1.0,20.0,251,3,250,"{""R1"": 1.0}"
S1_Quiet,S1,tuning,Sequential,45,0.0,1.0,0.05179282868525897,0.0,0.0,0.0,0.0,0.0,1.0,20.0,251,0,250,"{""R1"": 1.0}"
S1_Quiet,S1,tuning,Sequential,46,0.0,1.0,0.06772908366533864,0.0,0.0,0.0,0.0,0.0,1.0,20.0,251,0,250,"{""R1"": 1.0}"
S1_Quiet,S1,tuning,Random,42,0.0,1.0,0.06766917293233082,0.0,0.0,0.0,0.0,0.0,1.0,116.0,266,0,234,"{""R1"": 1.0}"
S1_Quiet,S1,tuning,Random,43,0.2857142857142857,0.7142857142857143,0.06792452830188679,2.0,2.0,2.0,2.0,0.007547169811320755,1.0,176.0,265,2,235,"{""R1"": 1.0}"
S1_Quiet,S1,tuning,Random,44,0.0,1.0,0.060836501901140684,0.0,0.0,0.0,0.0,0.0,1.0,100.0,263,0,237,"{""R1"": 1.0}"
S1_Quiet,S1,tuning,Random,45,0.16666666666666666,0.8333333333333334,0.045454545454545456,2.0,2.0,2.0,2.0,0.003787878787878788,1.0,95.0,264,1,237,"{""R1"": 1.0}"
S1_Quiet,S1,tuning,Random,46,0.375,0.625,0.060836501901140684,2.6666666666666665,2.0,3.6,4.0,0.011406844106463879,1.0,90.0,263,3,237,"{""R1"": 1.0}"
S1_Quiet,S1,tuning,AdaptiveBelief,42,0.3333333333333333,0.6666666666666667,0.03816793893129771,1.0,1.0,1.0,1.0,0.002544529262086514,1.0,378.0,393,1,107,"{""R1"": 1.0}"
S1_Quiet,S1,tuning,AdaptiveBelief,43,0.0,1.0,0.06493506493506493,0.0,0.0,0.0,0.0,0.0,1.0,257.0,385,0,115,"{""R1"": 1.0}"
S1_Quiet,S1,tuning,AdaptiveBelief,44,0.0,1.0,0.04603580562659847,0.0,0.0,0.0,0.0,0.0,1.0,351.0,391,0,109,"{""R1"": 1.0}"
S1_Quiet,S1,tuning,AdaptiveBelief,45,0.1111111111111111,0.8888888888888888,0.05412371134020619,1.0,1.0,1.0,1.0,0.002577319587628866,1.0,331.0,388,1,112,"{""R1"": 1.0}"
S1_Quiet,S1,tuning,AdaptiveBelief,46,0.0,1.0,0.05585106382978723,0.0,0.0,0.0,0.0,0.0,1.0,348.0,376,0,125,"{""R1"": 1.0}"
S1_Quiet,S1,tuning,UCB1,42,0.2631578947368421,0.736842105263158,0.0648854961832061,1.5,1.5,2.0,2.0,0.019083969465648856,1.0,27.0,262,5,239,"{""R1"": 1.0}"
S1_Quiet,S1,tuning,UCB1,43,0.2727272727272727,0.7272727272727273,0.06923076923076923,1.5,1.5,1.9,2.0,0.011538461538461539,1.0,34.0,260,3,241,"{""R1"": 1.0}"
S1_Quiet,S1,tuning,UCB1,44,0.2222222222222222,0.7777777777777778,0.05813953488372093,1.5,1.5,1.9,2.0,0.007751937984496124,1.0,29.0,258,2,242,"{""R1"": 1.0}"
S1_Quiet,S1,tuning,UCB1,45,0.0,1.0,0.05058365758754864,0.0,0.0,0.0,0.0,0.0,1.0,30.0,257,0,244,"{""R1"": 1.0}"
S1_Quiet,S1,tuning,UCB1,46,0.2,0.8,0.06923076923076923,1.5,1.5,1.9,2.0,0.007692307692307693,1.0,33.0,260,2,240,"{""R1"": 1.0}"
S1_Quiet,S1,tuning,RL_Experimental,42,0.0,1.0,0.06593406593406594,0.0,0.0,0.0,0.0,0.0,1.0,168.0,273,0,228,"{""R1"": 1.0}"
S1_Quiet,S1,tuning,RL_Experimental,43,0.0,1.0,0.0661764705882353,0.0,0.0,0.0,0.0,0.0,1.0,183.0,272,0,228,"{""R1"": 1.0}"
S1_Quiet,S1,tuning,RL_Experimental,44,0.0,1.0,0.06785714285714285,0.0,0.0,0.0,0.0,0.0,1.0,141.0,280,0,220,"{""R1"": 1.0}"
S1_Quiet,S1,tuning,RL_Experimental,45,0.25,0.75,0.038461538461538464,4.0,4.0,4.0,4.0,0.0038461538461538464,1.0,158.0,260,1,240,"{""R1"": 1.0}"
S1_Quiet,S1,tuning,RL_Experimental,46,0.0,1.0,0.057692307692307696,0.0,0.0,0.0,0.0,0.0,1.0,120.0,260,0,240,"{""R1"": 1.0}"
S1_Quiet,S1,tuning,CognitiveAdaptive_Integrated,42,0.2,0.8,0.05747126436781609,1.5,1.5,1.9,2.0,0.007662835249042145,1.0,41.0,261,2,239,"{""R1"": 1.0}"
S1_Quiet,S1,tuning,CognitiveAdaptive_Integrated,43,0.07142857142857142,0.9285714285714286,0.08712121212121213,1.0,1.0,1.0,1.0,0.003787878787878788,1.0,42.0,264,1,236,"{""R1"": 1.0}"
S1_Quiet,S1,tuning,CognitiveAdaptive_Integrated,44,0.0,1.0,0.05791505791505792,0.0,0.0,0.0,0.0,0.0,1.0,38.0,259,0,242,"{""R1"": 1.0}"
S1_Quiet,S1,tuning,CognitiveAdaptive_Integrated,45,0.0,1.0,0.05384615384615385,0.0,0.0,0.0,0.0,0.0,1.0,40.0,260,0,240,"{""R1"": 1.0}"
S1_Quiet,S1,tuning,CognitiveAdaptive_Integrated,46,0.3333333333333333,0.6666666666666667,0.06614785992217899,1.5,1.5,1.9,2.0,0.007782101167315175,1.0,40.0,257,2,243,"{""R1"": 1.0}"
S2_Dense,S2,tuning,Sequential,42,0.4146341463414634,0.5853658536585367,0.20717131474103587,2.3125,2.0,3.8000000000000043,6.0,0.13545816733067728,1.0,20.0,251,34,250,"{""R1"": 1.0}"
S2_Dense,S2,tuning,Sequential,43,0.5,0.5,0.16733067729083664,2.3125,2.0,3.8000000000000043,6.0,0.1553784860557769,1.0,20.0,251,39,250,"{""R1"": 1.0}"
S2_Dense,S2,tuning,Sequential,44,0.46153846153846156,0.5384615384615384,0.16733067729083664,2.5454545454545454,2.0,3.6000000000000014,8.0,0.14342629482071714,1.0,20.0,251,36,250,"{""R1"": 1.0}"
S2_Dense,S2,tuning,Sequential,45,0.34210526315789475,0.6578947368421053,0.17131474103585656,2.6153846153846154,2.0,5.0,8.0,0.10358565737051793,1.0,20.0,251,26,250,"{""R1"": 1.0}"
S2_Dense,S2,tuning,Sequential,46,0.4657534246575342,0.5342465753424658,0.21912350597609562,2.6451612903225805,2.0,2.0,14.0,0.13545816733067728,1.0,20.0,251,34,250,"{""R1"": 1.0}"
S2_Dense,S2,tuning,Random,42,0.4383561643835616,0.5616438356164384,0.19924812030075187,2.357142857142857,2.0,3.3000000000000007,9.0,0.12030075187969924,1.0,116.0,266,32,234,"{""R1"": 1.0}"
S2_Dense,S2,tuning,Random,43,0.36231884057971014,0.6376811594202898,0.18867924528301888,1.9444444444444444,2.0,2.0,2.0,0.09433962264150944,1.0,176.0,265,25,235,"{""R1"": 1.0}"
S2_Dense,S2,tuning,Random,44,0.30158730158730157,0.6984126984126984,0.20912547528517111,2.263157894736842,2.0,4.199999999999999,6.0,0.07224334600760456,1.0,100.0,263,19,237,"{""R1"": 1.0}"
S2_Dense,S2,tuning,Random,45,0.29333333333333333,0.7066666666666667,0.17803030303030304,2.3684210526315788,2.0,3.1999999999999993,8.0,0.08333333333333333,1.0,95.0,264,22,237,"{""R1"": 1.0}"
S2_Dense,S2,tuning,Random,46,0.3375,0.6625,0.1596958174904943,3.0,2.0,4.199999999999999,14.0,0.10266159695817491,1.0,90.0,263,27,237,"{""R1"": 1.0}"
S2_Dense,S2,tuning,AdaptiveBelief,42,0.42424242424242425,0.5757575757575757,0.26401869158878505,1.025974025974026,1.0,1.0,2.0,0.19626168224299065,0.9,499.0,428,84,72,"{""R1"": 1.0}"
S2_Dense,S2,tuning,AdaptiveBelief,43,0.5126903553299492,0.4873096446700508,0.1783132530120482,1.1964285714285714,1.0,2.0,4.0,0.2433734939759036,1.0,267.0,415,101,86,"{""R1"": 1.0}"
S2_Dense,S2,tuning,AdaptiveBelief,44,0.4473684210526316,0.5526315789473684,0.2087378640776699,1.1818181818181819,1.0,1.5,4.0,0.20631067961165048,1.0,378.0,412,85,88,"{""R1"": 1.0}"
S2_Dense,S2,tuning,AdaptiveBelief,45,0.51,0.49,0.1937046004842615,1.2205882352941178,1.0,2.0,6.0,0.2469733656174334,1.0,359.0,413,102,87,"{""R1"": 1.0}"
S2_Dense,S2,tuning,AdaptiveBelief,46,0.3392857142857143,0.6607142857142857,0.23891625615763548,1.4102564102564104,1.0,2.4000000000000057,4.0,0.14039408866995073,1.0,346.0,406,57,94,"{""R1"": 1.0}"
S2_Dense,S2,tuning,UCB1,42,0.43537414965986393,0.564625850340136,0.1447811447811448,1.5384615384615385,1.0,2.0,6.0,0.21548821548821548,1.0,50.0,297,64,204,"{""R1"": 1.0}"
S2_Dense,S2,tuning,UCB1,43,0.36585365853658536,0.6341463414634146,0.17832167832167833,1.8,1.0,3.6000000000000014,6.0,0.15734265734265734,1.0,44.0,286,45,214,"{""R1"": 1.0}"
S2_Dense,S2,tuning,UCB1,44,0.3971631205673759,0.6028368794326241,0.13013698630136986,1.4545454545454546,1.0,2.0,3.0,0.1917808219178082,1.0,47.0,292,56,208,"{""R1"": 1.0}"
S2_Dense,S2,tuning,UCB1,45,0.3697478991596639,0.6302521008403361,0.1936619718309859,1.6296296296296295,2.0,2.0,3.0,0.15492957746478872,1.0,45.0,284,44,217,"{""R1"": 1.0}"
S2_Dense,S2,tuning,UCB1,46,0.4295774647887324,0.5704225352112676,0.1598639455782313,1.8611111111111112,2.0,3.0,8.0,0.20748299319727892,1.0,45.0,294,61,206,"{""R1"": 1.0}"
S2_Dense,S2,tuning,RL_Experimental,42,0.4375,0.5625,0.2289156626506024,1.0547945205479452,1.0,1.0,3.0,0.1855421686746988,0.9,499.0,415,77,85,"{""R1"": 1.0}"
S2_Dense,S2,tuning,RL_Experimental,43,0.4074074074074074,0.5925925925925926,0.22278481012658227,1.1470588235294117,1.0,1.0,4.0,0.1949367088607595,1.0,291.0,395,77,105,"{""R1"": 1.0}"
S2_Dense,S2,tuning,RL_Experimental,44,0.44680851063829785,0.5531914893617021,0.25907990314769974,1.0657894736842106,1.0,1.0,3.0,0.2033898305084746,1.0,444.0,413,84,87,"{""R1"": 1.0}"
S2_Dense,S2,tuning,RL_Experimental,45,0.41420118343195267,0.5857988165680473,0.22564102564102564,1.0153846153846153,1.0,1.0,2.0,0.1794871794871795,1.0,452.0,390,70,110,"{""R1"": 1.0}"
S2_Dense,S2,tuning,RL_Experimental,46,0.4127906976744186,0.5872093023255813,0.23857868020304568,1.1515151515151516,1.0,1.0,6.0,0.1802030456852792,1.0,369.0,394,71,107,"{""R1"": 1.0}"
S2_Dense,S2,tuning,CognitiveAdaptive_Integrated,42,0.4017857142857143,0.5982142857142857,0.24915824915824916,1.6764705882352942,2.0,2.0,3.0,0.15151515151515152,1.0,53.0,297,45,204,"{""R1"": 1.0}"
S2_Dense,S2,tuning,CognitiveAdaptive_Integrated,43,0.4108527131782946,0.5891472868217054,0.21580547112462006,1.25,1.0,2.0,2.0,0.16109422492401215,1.0,59.0,329,53,172,"{""R1"": 1.0}"
S2_Dense,S2,tuning,CognitiveAdaptive_Integrated,44,0.366412213740458,0.633587786259542,0.1895424836601307,1.4722222222222223,1.0,2.0,4.0,0.1568627450980392,1.0,53.0,306,48,194,"{""R1"": 1.0}"
S2_Dense,S2,tuning,CognitiveAdaptive_Integrated,45,0.36363636363636365,0.6363636363636364,0.23053892215568864,1.2826086956521738,1.0,2.0,4.0,0.15568862275449102,1.0,62.0,334,52,167,"{""R1"": 1.0}"
S2_Dense,S2,tuning,CognitiveAdaptive_Integrated,46,0.4846153846153846,0.5153846153846153,0.18006430868167203,1.8421052631578947,2.0,2.0,8.0,0.20257234726688103,1.0,53.0,311,63,189,"{""R1"": 1.0}"
S3_Intermittent,S3,tuning,Sequential,42,0.10526315789473684,0.8947368421052632,0.07569721115537849,2.0,2.0,2.0,2.0,0.01593625498007968,1.0,20.0,251,4,250,"{""R1"": 1.0}"
S3_Intermittent,S3,tuning,Sequential,43,0.10344827586206896,0.896551724137931,0.099601593625498,0.0,0.0,0.0,0.0,0.01195219123505976,1.0,20.0,251,3,250,"{""R1"": 1.0}"
S3_Intermittent,S3,tuning,Sequential,44,0.11764705882352941,0.8823529411764706,0.09561752988047809,2.5,2.0,3.4000000000000004,4.0,0.01593625498007968,1.0,20.0,251,4,250,"{""R1"": 1.0}"
S3_Intermittent,S3,tuning,Sequential,45,0.06451612903225806,0.935483870967742,0.0796812749003984,3.0,3.0,3.8,4.0,0.00796812749003984,1.0,20.0,251,2,250,"{""R1"": 1.0}"
S3_Intermittent,S3,tuning,Sequential,46,0.07142857142857142,0.9285714285714286,0.09561752988047809,0.0,0.0,0.0,0.0,0.00796812749003984,1.0,20.0,251,2,250,"{""R1"": 1.0}"
S3_Intermittent,S3,tuning,Random,42,0.16666666666666666,0.8333333333333334,0.08270676691729323,2.0,2.0,2.0,2.0,0.011278195488721804,1.0,116.0,266,3,234,"{""R1"": 1.0}"
S3_Intermittent,S3,tuning,Random,43,0.14285714285714285,0.8571428571428572,0.06037735849056604,1.5,1.5,1.9,2.0,0.007547169811320755,1.0,176.0,265,2,235,"{""R1"": 1.0}"
S3_Intermittent,S3,tuning,Random,44,0.06666666666666667,0.9333333333333333,0.07224334600760456,2.0,2.0,2.0,2.0,0.0038022813688212928,1.0,100.0,263,1,237,"{""R1"": 1.0}"
S3_Intermittent,S3,tuning,Random,45,0.21052631578947367,0.7894736842105263,0.056818181818181816,2.0,2.0,2.0,2.0,0.015151515151515152,1.0,95.0,264,4,237,"{""R1"": 1.0}"
S3_Intermittent,S3,tuning,Random,46,0.0,1.0,0.07984790874524715,0.0,0.0,0.0,0.0,0.0,1.0,90.0,263,0,237,"{""R1"": 1.0}"
S3_Intermittent,S3,tuning,AdaptiveBelief,42,0.42857142857142855,0.5714285714285714,0.060759493670886074,1.1666666666666667,1.0,1.5,2.0,0.02278481012658228,1.0,342.0,395,9,105,"{""R1"": 1.0}"
S3_Intermittent,S3,tuning,AdaptiveBelief,43,0.35714285714285715,0.6428571428571428,0.06753246753246753,1.0,1.0,1.0,1.0,0.012987012987012988,1.0,257.0,385,5,115,"{""R1"": 1.0}"
S3_Intermittent,S3,tuning,AdaptiveBelief,44,0.35,0.65,0.05167958656330749,1.2,1.0,1.6,2.0,0.01808785529715762,1.0,333.0,387,7,113,"{""R1"": 1.0}"
S3_Intermittent,S3,tuning,AdaptiveBelief,45,0.13333333333333333,0.8666666666666667,0.06426735218508997,1.0,1.0,1.0,1.0,0.005141388174807198,1.0,338.0,389,2,111,"{""R1"": 1.0}"
S3_Intermittent,S3,tuning,AdaptiveBelief,46,0.2857142857142857,0.7142857142857143,0.07427055702917772,1.3333333333333333,1.0,1.8,2.0,0.010610079575596816,1.0,339.0,377,4,124,"{""R1"": 1.0}"
S3_Intermittent,S3,tuning,UCB1,42,0.28205128205128205,0.717948717948718,0.0830188679245283,1.4285714285714286,1.0,2.0,2.0,0.04150943396226415,1.0,36.0,265,11,235,"{""R1"": 1.0}"
S3_Intermittent,S3,tuning,UCB1,43,0.35135135135135137,0.6486486486486487,0.09774436090225563,1.1111111111111112,1.0,1.2000000000000002,2.0,0.04887218045112782,1.0,34.0,266,13,234,"{""R1"": 1.0}"
S3_Intermittent,S3,tuning,UCB1,44,0.42857142857142855,0.5714285714285714,0.07380073800738007,1.4615384615384615,1.0,2.0,2.0,0.06642066420664207,1.0,36.0,271,18,229,"{""R1"": 1.0}"
S3_Intermittent,S3,tuning,UCB1,45,0.28,0.72,0.06870229007633588,1.5714285714285714,2.0,2.0,2.0,0.026717557251908396,1.0,30.0,262,7,239,"{""R1"": 1.0}"
S3_Intermittent,S3,tuning,UCB1,46,0.35294117647058826,0.6470588235294117,0.0898876404494382,1.5,1.0,2.5999999999999996,4.0,0.0449438202247191,1.0,38.0,267,12,234,"{""R1"": 1.0}"
S3_Intermittent,S3,tuning,RL_Experimental,42,0.34615384615384615,0.6538461538461539,0.1039426523297491,1.5,1.0,2.5,4.0,0.03225806451612903,1.0,176.0,279,9,221,"{""R1"": 1.0}"
S3_Intermittent,S3,tuning,RL_Experimental,43,0.12903225806451613,0.8709677419354839,0.1276595744680851,1.0,1.0,1.0,1.0,0.014184397163120567,1.0,231.0,282,4,219,"{""R1"": 1.0}"
S3_Intermittent,S3,tuning,RL_Experimental,44,0.15789473684210525,0.8421052631578947,0.10247349823321555,1.3333333333333333,1.0,1.8,2.0,0.01060070671378092,1.0,185.0,283,3,218,"{""R1"": 1.0}"
S3_Intermittent,S3,tuning,RL_Experimental,45,0.34615384615384615,0.6538461538461539,0.10416666666666667,1.5,1.0,2.5999999999999996,4.0,0.03125,1.0,264.0,288,9,213,"{""R1"": 1.0}"
S3_Intermittent,S3,tuning,RL_Experimental,46,0.0625,0.9375,0.1,2.0,2.0,2.0,2.0,0.003703703703703704,1.0,250.0,270,1,230,"{""R1"": 1.0}"
S3_Intermittent,S3,tuning,CognitiveAdaptive_Integrated,42,0.375,0.625,0.08960573476702509,1.2857142857142858,1.0,2.0,2.0,0.043010752688172046,1.0,52.0,279,12,221,"{""R1"": 1.0}"
S3_Intermittent,S3,tuning,CognitiveAdaptive_Integrated,43,0.17142857142857143,0.8285714285714285,0.0830188679245283,1.75,2.0,2.0,2.0,0.022641509433962263,1.0,48.0,265,6,236,"{""R1"": 1.0}"
S3_Intermittent,S3,tuning,CognitiveAdaptive_Integrated,44,0.4166666666666667,0.5833333333333333,0.07434944237918216,1.5714285714285714,2.0,2.0,2.0,0.03717472118959108,1.0,53.0,269,10,231,"{""R1"": 1.0}"
S3_Intermittent,S3,tuning,CognitiveAdaptive_Integrated,45,0.20512820512820512,0.7948717948717949,0.12056737588652482,1.5,1.5,2.0,2.0,0.028368794326241134,1.0,53.0,282,8,218,"{""R1"": 1.0}"
S3_Intermittent,S3,tuning,CognitiveAdaptive_Integrated,46,0.4838709677419355,0.5161290322580645,0.10139860139860139,2.0,1.5,4.0,4.0,0.05244755244755245,1.0,52.0,286,15,214,"{""R1"": 1.0}"
S4_Periodic,S4,tuning,Sequential,42,0.0,1.0,0.04780876494023904,0.0,0.0,0.0,0.0,0.0,1.0,20.0,251,0,250,"{""R1"": 1.0}"
S4_Periodic,S4,tuning,Sequential,43,0.0,1.0,0.05976095617529881,0.0,0.0,0.0,0.0,0.0,1.0,20.0,251,0,250,"{""R1"": 1.0}"
S4_Periodic,S4,tuning,Sequential,44,0.08333333333333333,0.9166666666666666,0.035856573705179286,0.0,0.0,0.0,0.0,0.00398406374501992,1.0,20.0,251,1,250,"{""R1"": 1.0}"
S4_Periodic,S4,tuning,Sequential,45,0.08333333333333333,0.9166666666666666,0.03187250996015936,0.0,0.0,0.0,0.0,0.00398406374501992,1.0,20.0,251,1,250,"{""R1"": 1.0}"
S4_Periodic,S4,tuning,Sequential,46,0.16666666666666666,0.8333333333333334,0.04780876494023904,0.0,0.0,0.0,0.0,0.00796812749003984,1.0,20.0,251,2,250,"{""R1"": 1.0}"
S4_Periodic,S4,tuning,Random,42,0.0,1.0,0.06015037593984962,0.0,0.0,0.0,0.0,0.0,1.0,116.0,266,0,234,"{""R1"": 1.0}"
S4_Periodic,S4,tuning,Random,43,0.14285714285714285,0.8571428571428572,0.07924528301886792,0.0,0.0,0.0,0.0,0.0037735849056603774,1.0,176.0,265,1,235,"{""R1"": 1.0}"
S4_Periodic,S4,tuning,Random,44,0.0,1.0,0.060836501901140684,0.0,0.0,0.0,0.0,0.0,1.0,100.0,263,0,237,"{""R1"": 1.0}"
S4_Periodic,S4,tuning,Random,45,0.09090909090909091,0.9090909090909091,0.07196969696969698,1.0,1.0,1.0,1.0,0.003787878787878788,1.0,95.0,264,1,237,"{""R1"": 1.0}"
S4_Periodic,S4,tuning,Random,46,0.16666666666666666,0.8333333333333334,0.09125475285171103,1.0,1.0,1.0,1.0,0.0038022813688212928,1.0,90.0,263,1,237,"{""R1"": 1.0}"
S4_Periodic,S4,tuning,AdaptiveBelief,42,0.38461538461538464,0.6153846153846154,0.05089058524173028,1.0,1.0,1.0,1.0,0.01272264631043257,1.0,348.0,393,5,107,"{""R1"": 1.0}"
S4_Periodic,S4,tuning,AdaptiveBelief,43,0.3,0.7,0.07493540051679587,1.0,1.0,1.0,1.0,0.007751937984496124,1.0,257.0,387,3,113,"{""R1"": 1.0}"
S4_Periodic,S4,tuning,AdaptiveBelief,44,0.0,1.0,0.04859335038363171,0.0,0.0,0.0,0.0,0.0,1.0,351.0,391,0,109,"{""R1"": 1.0}"
S4_Periodic,S4,tuning,AdaptiveBelief,45,0.0,1.0,0.043478260869565216,0.0,0.0,0.0,0.0,0.0,1.0,343.0,391,0,109,"{""R1"": 1.0}"
S4_Periodic,S4,tuning,AdaptiveBelief,46,0.36363636363636365,0.6363636363636364,0.07329842931937172,1.0,1.0,1.0,1.0,0.010471204188481676,1.0,338.0,382,4,119,"{""R1"": 1.0}"
S4_Periodic,S4,tuning,UCB1,42,0.15384615384615385,0.8461538461538461,0.06896551724137931,1.0,1.0,1.0,1.0,0.007662835249042145,1.0,29.0,261,2,240,"{""R1"": 1.0}"
S4_Periodic,S4,tuning,UCB1,43,0.07692307692307693,0.9230769230769231,0.06614785992217899,1.0,1.0,1.0,1.0,0.0038910505836575876,1.0,33.0,257,1,243,"{""R1"": 1.0}"
S4_Periodic,S4,tuning,UCB1,44,0.07142857142857142,0.9285714285714286,0.06201550387596899,1.0,1.0,1.0,1.0,0.003875968992248062,1.0,32.0,258,1,242,"{""R1"": 1.0}"
S4_Periodic,S4,tuning,UCB1,45,0.23529411764705882,0.7647058823529411,0.06130268199233716,1.0,1.0,1.0,1.0,0.01532567049808429,1.0,30.0,261,4,240,"{""R1"": 1.0}"
S4_Periodic,S4,tuning,UCB1,46,0.21739130434782608,0.782608695652174,0.09056603773584905,1.0,1.0,1.0,1.0,0.018867924528301886,1.0,31.0,265,5,236,"{""R1"": 1.0}"
S4_Periodic,S4,tuning,RL_Experimental,42,0.37142857142857144,0.6285714285714286,0.11585365853658537,1.0,1.0,1.0,1.0,0.039634146341463415,1.0,345.0,328,13,172,"{""R1"": 1.0}"
S4_Periodic,S4,tuning,RL_Experimental,43,0.21428571428571427,0.7857142857142857,0.08865248226950355,1.0,1.0,1.0,1.0,0.010638297872340425,1.0,170.0,282,3,218,"{""R1"": 1.0}"
S4_Periodic,S4,tuning,RL_Experimental,44,0.41304347826086957,0.5869565217391304,0.12536443148688048,1.0,1.0,1.0,1.0,0.05539358600583091,1.0,201.0,343,19,158,"{""R1"": 1.0}"
S4_Periodic,S4,tuning,RL_Experimental,45,0.3968253968253968,0.6031746031746033,0.12568306010928962,1.0,1.0,1.0,1.0,0.06830601092896176,1.0,471.0,366,25,134,"{""R1"": 1.0}"
S4_Periodic,S4,tuning,RL_Experimental,46,0.3333333333333333,0.6666666666666667,0.06741573033707865,1.0,1.0,1.0,1.0,0.00749063670411985,1.0,98.0,267,2,234,"{""R1"": 1.0}"
S4_Periodic,S4,tuning,CognitiveAdaptive_Integrated,42,0.2,0.8,0.057692307692307696,1.0,1.0,1.0,1.0,0.007692307692307693,1.0,34.0,260,2,241,"{""R1"": 1.0}"
S4_Periodic,S4,tuning,CognitiveAdaptive_Integrated,43,0.25,0.75,0.07604562737642585,1.0,1.0,1.0,1.0,0.011406844106463879,1.0,45.0,263,3,238,"{""R1"": 1.0}"
S4_Periodic,S4,tuning,CognitiveAdaptive_Integrated,44,0.15384615384615385,0.8461538461538461,0.050387596899224806,1.0,1.0,1.0,1.0,0.007751937984496124,1.0,44.0,258,2,242,"{""R1"": 1.0}"
S4_Periodic,S4,tuning,CognitiveAdaptive_Integrated,45,0.26666666666666666,0.7333333333333334,0.07518796992481203,1.0,1.0,1.0,1.0,0.015037593984962405,1.0,40.0,266,4,234,"{""R1"": 1.0}"
S4_Periodic,S4,tuning,CognitiveAdaptive_Integrated,46,0.07142857142857142,0.9285714285714286,0.08045977011494253,1.0,1.0,1.0,1.0,0.0038314176245210726,1.0,40.0,261,1,239,"{""R1"": 1.0}"
S5_FrequencyAgile,S5,tuning,Sequential,42,0.28,0.72,0.10756972111553785,2.0,2.0,2.0,2.0,0.027888446215139442,1.0,20.0,251,7,250,"{""R1"": 1.0}"
S5_FrequencyAgile,S5,tuning,Sequential,43,0.4,0.6,0.09561752988047809,2.0,2.0,2.0,2.0,0.0398406374501992,1.0,20.0,251,10,250,"{""R1"": 1.0}"
S5_FrequencyAgile,S5,tuning,Sequential,44,0.32,0.6799999999999999,0.08366533864541832,2.0,2.0,2.0,2.0,0.03187250996015936,1.0,20.0,251,8,250,"{""R1"": 1.0}"
S5_FrequencyAgile,S5,tuning,Sequential,45,0.28,0.72,0.08764940239043825,2.0,2.0,2.0,2.0,0.027888446215139442,1.0,20.0,251,7,250,"{""R1"": 1.0}"
S5_FrequencyAgile,S5,tuning,Sequential,46,0.32,0.6799999999999999,0.099601593625498,2.0,2.0,2.0,2.0,0.03187250996015936,1.0,20.0,251,8,250,"{""R1"": 1.0}"
S5_FrequencyAgile,S5,tuning,Random,42,0.38095238095238093,0.6190476190476191,0.09774436090225563,1.8571428571428572,2.0,2.0,2.0,0.03007518796992481,1.0,116.0,266,8,234,"{""R1"": 1.0}"
S5_FrequencyAgile,S5,tuning,Random,43,0.5,0.5,0.13962264150943396,1.8571428571428572,2.0,2.0,2.0,0.052830188679245285,1.0,176.0,265,14,235,"{""R1"": 1.0}"
S5_FrequencyAgile,S5,tuning,Random,44,0.4444444444444444,0.5555555555555556,0.11026615969581749,1.8181818181818181,2.0,2.0,2.0,0.045627376425855515,1.0,100.0,263,12,237,"{""R1"": 1.0}"
S5_FrequencyAgile,S5,tuning,Random,45,0.39285714285714285,0.6071428571428572,0.09090909090909091,1.9,2.0,2.0,2.0,0.041666666666666664,1.0,95.0,264,11,237,"{""R1"": 1.0}"
S5_FrequencyAgile,S5,tuning,Random,46,0.34782608695652173,0.6521739130434783,0.09885931558935361,1.8571428571428572,2.0,2.0,2.0,0.030418250950570342,1.0,90.0,263,8,237,"{""R1"": 1.0}"
S5_FrequencyAgile,S5,tuning,AdaptiveBelief,42,0.5238095238095238,0.47619047619047616,0.05141388174807198,1.375,1.0,2.0,2.0,0.028277634961439587,1.0,340.0,389,11,111,"{""R1"": 1.0}"
S5_FrequencyAgile,S5,tuning,AdaptiveBelief,43,0.5769230769230769,0.42307692307692313,0.07086614173228346,1.3,1.0,2.0,2.0,0.03937007874015748,1.0,258.0,381,15,119,"{""R1"": 1.0}"
S5_FrequencyAgile,S5,tuning,AdaptiveBelief,44,0.4482758620689655,0.5517241379310345,0.06493506493506493,1.3333333333333333,1.0,2.0,2.0,0.033766233766233764,1.0,320.0,385,13,115,"{""R1"": 1.0}"
S5_FrequencyAgile,S5,tuning,AdaptiveBelief,45,0.4358974358974359,0.5641025641025641,0.059278350515463915,1.2727272727272727,1.0,2.0,2.0,0.04381443298969072,1.0,297.0,388,17,112,"{""R1"": 1.0}"
S5_FrequencyAgile,S5,tuning,AdaptiveBelief,46,0.47058823529411764,0.5294117647058824,0.06613756613756613,1.4545454545454546,1.0,2.0,2.0,0.042328042328042326,1.0,302.0,378,16,122,"{""R1"": 1.0}"
S5_FrequencyAgile,S5,tuning,UCB1,42,0.4507042253521127,0.5492957746478873,0.09057971014492754,1.4285714285714286,1.0,2.0,2.0,0.11594202898550725,1.0,37.0,276,32,225,"{""R1"": 1.0}"
S5_FrequencyAgile,S5,tuning,UCB1,43,0.41379310344827586,0.5862068965517242,0.09225092250922509,1.3529411764705883,1.0,2.0,2.0,0.08856088560885608,1.0,37.0,271,24,229,"{""R1"": 1.0}"
S5_FrequencyAgile,S5,tuning,UCB1,44,0.4125,0.5875,0.08633093525179857,1.6538461538461537,2.0,2.0,2.0,0.11870503597122302,1.0,39.0,278,33,222,"{""R1"": 1.0}"
S5_FrequencyAgile,S5,tuning,UCB1,45,0.39436619718309857,0.6056338028169015,0.08088235294117647,1.5909090909090908,2.0,2.0,2.0,0.10294117647058823,1.0,37.0,272,28,228,"{""R1"": 1.0}"
S5_FrequencyAgile,S5,tuning,UCB1,46,0.379746835443038,0.620253164556962,0.10181818181818182,1.6923076923076923,2.0,2.0,2.0,0.10909090909090909,1.0,35.0,275,30,225,"{""R1"": 1.0}"
S5_FrequencyAgile,S5,tuning,RL_Experimental,42,0.5303030303030303,0.4696969696969697,0.09510086455331412,1.2916666666666667,1.0,2.0,2.0,0.10086455331412104,1.0,323.0,347,35,153,"{""R1"": 1.0}"
S5_FrequencyAgile,S5,tuning,RL_Experimental,43,0.631578947368421,0.368421052631579,0.1232876712328767,1.2666666666666666,1.0,2.0,2.0,0.0821917808219178,1.0,196.0,292,24,208,"{""R1"": 1.0}"
S5_FrequencyAgile,S5,tuning,RL_Experimental,44,0.3125,0.6875,0.09505703422053231,1.5,1.5,2.0,2.0,0.019011406844106463,1.0,173.0,263,5,237,"{""R1"": 1.0}"
S5_FrequencyAgile,S5,tuning,RL_Experimental,45,0.5151515151515151,0.48484848484848486,0.10472972972972973,1.2307692307692308,1.0,2.0,2.0,0.057432432432432436,1.0,223.0,296,17,204,"{""R1"": 1.0}"
S5_FrequencyAgile,S5,tuning,RL_Experimental,46,0.41379310344827586,0.5862068965517242,0.09507042253521127,1.5,1.5,2.0,2.0,0.04225352112676056,1.0,137.0,284,12,216,"{""R1"": 1.0}"
S5_FrequencyAgile,S5,tuning,CognitiveAdaptive_Integrated,42,0.32653061224489793,0.6734693877551021,0.099644128113879,1.4545454545454546,1.0,2.0,2.0,0.05693950177935943,1.0,53.0,281,16,219,"{""R1"": 1.0}"
S5_FrequencyAgile,S5,tuning,CognitiveAdaptive_Integrated,43,0.4603174603174603,0.5396825396825398,0.13548387096774195,1.15,1.0,2.0,2.0,0.0935483870967742,1.0,53.0,310,29,190,"{""R1"": 1.0}"
S5_FrequencyAgile,S5,tuning,CognitiveAdaptive_Integrated,44,0.3617021276595745,0.6382978723404256,0.08208955223880597,1.6666666666666667,2.0,2.0,2.0,0.06343283582089553,1.0,50.0,268,17,232,"{""R1"": 1.0}"
S5_FrequencyAgile,S5,tuning,CognitiveAdaptive_Integrated,45,0.4074074074074074,0.5925925925925926,0.09215017064846416,1.5,1.5,2.0,2.0,0.07508532423208192,1.0,53.0,293,22,207,"{""R1"": 1.0}"
S5_FrequencyAgile,S5,tuning,CognitiveAdaptive_Integrated,46,0.42,0.5800000000000001,0.08620689655172414,1.4,1.0,2.0,2.0,0.07241379310344828,1.0,52.0,290,21,210,"{""R1"": 1.0}"
S6_SuddenAppearance,S6,held_out,Sequential,42,0.2,0.8,0.043824701195219126,14.0,14.0,14.0,14.0,0.02390438247011952,1.0,20.0,251,6,250,"{""R1"": 1.0}"
S6_SuddenAppearance,S6,held_out,Sequential,43,0.2,0.8,0.05179282868525897,14.0,14.0,14.0,14.0,0.02390438247011952,1.0,20.0,251,6,250,"{""R1"": 1.0}"
S6_SuddenAppearance,S6,held_out,Sequential,44,0.13333333333333333,0.8666666666666667,0.0398406374501992,14.0,14.0,14.0,14.0,0.01593625498007968,1.0,20.0,251,4,250,"{""R1"": 1.0}"
S6_SuddenAppearance,S6,held_out,Sequential,45,0.16666666666666666,0.8333333333333334,0.035856573705179286,14.0,14.0,14.0,14.0,0.0199203187250996,1.0,20.0,251,5,250,"{""R1"": 1.0}"
S6_SuddenAppearance,S6,held_out,Sequential,46,0.23333333333333334,0.7666666666666666,0.04780876494023904,14.0,14.0,14.0,14.0,0.027888446215139442,1.0,20.0,251,7,250,"{""R1"": 1.0}"
S6_SuddenAppearance,S6,held_out,Random,42,0.5,0.5,0.06766917293233082,7.333333333333333,9.0,10.6,11.0,0.02631578947368421,1.0,116.0,266,7,234,"{""R1"": 1.0}"
S6_SuddenAppearance,S6,held_out,Random,43,0.3333333333333333,0.6666666666666667,0.06037735849056604,17.0,17.0,24.2,26.0,0.007547169811320755,1.0,176.0,265,2,235,"{""R1"": 1.0}"
S6_SuddenAppearance,S6,held_out,Random,44,0.3,0.7,0.053231939163498096,18.0,13.0,30.6,35.0,0.011406844106463879,1.0,100.0,263,3,237,"{""R1"": 1.0}"
S6_SuddenAppearance,S6,held_out,Random,45,0.5,0.5,0.04924242424242424,16.666666666666668,16.0,27.2,30.0,0.026515151515151516,1.0,95.0,264,7,237,"{""R1"": 1.0}"
S6_SuddenAppearance,S6,held_out,Random,46,0.4666666666666667,0.5333333333333333,0.06844106463878327,20.666666666666668,22.0,22.8,23.0,0.026615969581749048,1.0,90.0,263,7,237,"{""R1"": 1.0}"
S6_SuddenAppearance,S6,held_out,AdaptiveBelief,42,0.7777777777777778,0.2222222222222222,0.04785894206549118,6.8,1.0,15.8,17.0,0.10579345088161209,1.0,340.0,397,42,104,"{""R1"": 1.0}"
S6_SuddenAppearance,S6,held_out,AdaptiveBelief,43,0.625,0.375,0.056847545219638244,21.0,21.0,21.0,21.0,0.025839793281653745,1.0,257.0,387,10,114,"{""R1"": 1.0}"
S6_SuddenAppearance,S6,held_out,AdaptiveBelief,44,0.6129032258064516,0.3870967741935484,0.05154639175257732,7.5,7.5,12.7,14.0,0.04896907216494845,1.0,311.0,388,19,113,"{""R1"": 1.0}"
S6_SuddenAppearance,S6,held_out,AdaptiveBelief,45,0.76,0.24,0.03896103896103896,14.0,14.0,14.0,14.0,0.04935064935064935,1.0,334.0,385,19,115,"{""R1"": 1.0}"
S6_SuddenAppearance,S6,held_out,AdaptiveBelief,46,0.7619047619047619,0.23809523809523814,0.05804749340369393,15.0,15.0,15.0,15.0,0.04221635883905013,1.0,336.0,379,16,121,"{""R1"": 1.0}"
S6_SuddenAppearance,S6,held_out,UCB1,42,0.717391304347826,0.28260869565217395,0.0364963503649635,10.333333333333334,11.0,13.4,14.0,0.12043795620437957,1.0,47.0,274,33,226,"{""R1"": 1.0}"
S6_SuddenAppearance,S6,held_out,UCB1,43,0.7346938775510204,0.26530612244897955,0.04744525547445255,7.333333333333333,4.0,12.0,14.0,0.13138686131386862,1.0,43.0,274,36,226,"{""R1"": 1.0}"
S6_SuddenAppearance,S6,held_out,UCB1,44,0.782608695652174,0.21739130434782605,0.05434782608695652,6.833333333333333,3.5,16.0,18.0,0.13043478260869565,1.0,49.0,276,36,224,"{""R1"": 1.0}"
S6_SuddenAppearance,S6,held_out,UCB1,45,0.7924528301886793,0.2075471698113207,0.04693140794223827,5.0,2.5,11.000000000000002,14.0,0.15162454873646208,1.0,44.0,277,42,223,"{""R1"": 1.0}"
S6_SuddenAppearance,S6,held_out,UCB1,46,0.8,0.19999999999999996,0.06028368794326241,7.0,1.0,16.4,18.0,0.15602836879432624,1.0,44.0,282,44,218,"{""R1"": 1.0}"
S6_SuddenAppearance,S6,held_out,RL_Experimental,42,0.30434782608695654,0.6956521739130435,0.09407665505226481,2.4,1.0,5.200000000000001,8.0,0.024390243902439025,1.0,235.0,287,7,214,"{""R1"": 1.0}"
S6_SuddenAppearance,S6,held_out,RL_Experimental,43,0.2222222222222222,0.7777777777777778,0.08679245283018867,4.5,4.5,7.3,8.0,0.007547169811320755,1.0,185.0,265,2,236,"{""R1"": 1.0}"
S6_SuddenAppearance,S6,held_out,RL_Experimental,44,0.6086956521739131,0.3913043478260869,0.07692307692307693,11.833333333333334,1.5,33.0,36.0,0.0979020979020979,1.0,202.0,286,28,214,"{""R1"": 1.0}"
S6_SuddenAppearance,S6,held_out,RL_Experimental,45,0.37037037037037035,0.6296296296296297,0.075,5.0,1.0,14.8,16.0,0.03571428571428571,1.0,213.0,280,10,221,"{""R1"": 1.0}"
S6_SuddenAppearance,S6,held_out,RL_Experimental,46,0.3076923076923077,0.6923076923076923,0.07835820895522388,21.333333333333332,18.0,26.0,28.0,0.014925373134328358,1.0,135.0,268,4,233,"{""R1"": 1.0}"
S6_SuddenAppearance,S6,held_out,CognitiveAdaptive_Integrated,42,0.8333333333333334,0.16666666666666663,0.046052631578947366,9.0,8.0,12.8,14.0,0.14802631578947367,1.0,53.0,304,45,196,"{""R1"": 1.0}"
S6_SuddenAppearance,S6,held_out,CognitiveAdaptive_Integrated,43,0.7380952380952381,0.26190476190476186,0.050335570469798654,14.0,14.0,20.4,22.0,0.1040268456375839,1.0,53.0,298,31,203,"{""R1"": 1.0}"
S6_SuddenAppearance,S6,held_out,CognitiveAdaptive_Integrated,44,0.6904761904761905,0.30952380952380953,0.05776173285198556,8.0,8.0,14.7,15.0,0.10469314079422383,1.0,52.0,277,29,223,"{""R1"": 1.0}"
S6_SuddenAppearance,S6,held_out,CognitiveAdaptive_Integrated,45,0.7333333333333333,0.2666666666666667,0.05442176870748299,12.5,12.5,13.7,14.0,0.11224489795918367,1.0,53.0,294,33,207,"{""R1"": 1.0}"
S6_SuddenAppearance,S6,held_out,CognitiveAdaptive_Integrated,46,0.8653846153846154,0.13461538461538458,0.043478260869565216,8.25,8.5,15.0,15.0,0.1505016722408027,1.0,53.0,299,45,201,"{""R1"": 1.0}"
S7_MultipleCompeting,S7,held_out,Sequential,42,0.5333333333333333,0.4666666666666667,0.10358565737051793,2.0,2.0,2.0,2.0,0.09561752988047809,1.0,20.0,251,24,250,"{""R1"": 1.0}"
S7_MultipleCompeting,S7,held_out,Sequential,43,0.5952380952380952,0.40476190476190477,0.10358565737051793,2.0,2.0,2.0,2.0,0.099601593625498,1.0,20.0,251,25,250,"{""R1"": 1.0}"
S7_MultipleCompeting,S7,held_out,Sequential,44,0.4897959183673469,0.5102040816326531,0.08764940239043825,2.1818181818181817,2.0,2.0,6.0,0.09561752988047809,1.0,20.0,251,24,250,"{""R1"": 1.0}"
S7_MultipleCompeting,S7,held_out,Sequential,45,0.5294117647058824,0.47058823529411764,0.06772908366533864,2.076923076923077,2.0,2.0,4.0,0.10756972111553785,1.0,20.0,251,27,250,"{""R1"": 1.0}"
S7_MultipleCompeting,S7,held_out,Sequential,46,0.5333333333333333,0.4666666666666667,0.11553784860557768,2.0,2.0,2.0,2.0,0.09561752988047809,1.0,20.0,251,24,250,"{""R1"": 1.0}"
S7_MultipleCompeting,S7,held_out,Random,42,0.46938775510204084,0.5306122448979591,0.12030075187969924,2.090909090909091,2.0,2.0,3.0,0.08646616541353383,1.0,116.0,266,23,234,"{""R1"": 1.0}"
S7_MultipleCompeting,S7,held_out,Random,43,0.44,0.56,0.16226415094339622,1.8235294117647058,2.0,2.0,3.0,0.0830188679245283,1.0,176.0,265,22,235,"{""R1"": 1.0}"
S7_MultipleCompeting,S7,held_out,Random,44,0.2619047619047619,0.7380952380952381,0.12927756653992395,1.8888888888888888,2.0,2.0,2.0,0.04182509505703422,1.0,100.0,263,11,237,"{""R1"": 1.0}"
S7_MultipleCompeting,S7,held_out,Random,45,0.4375,0.5625,0.09848484848484848,2.15,2.0,3.0,4.0,0.07954545454545454,1.0,95.0,264,21,237,"{""R1"": 1.0}"
S7_MultipleCompeting,S7,held_out,Random,46,0.25,0.75,0.12547528517110265,2.5384615384615383,2.0,4.0,5.0,0.049429657794676805,1.0,90.0,263,13,237,"{""R1"": 1.0}"
S7_MultipleCompeting,S7,held_out,AdaptiveBelief,42,0.44642857142857145,0.5535714285714286,0.06313131313131314,1.3333333333333333,1.0,2.0,2.0,0.06313131313131314,1.0,384.0,396,25,104,"{""R1"": 1.0}"
S7_MultipleCompeting,S7,held_out,AdaptiveBelief,43,0.5172413793103449,0.48275862068965514,0.10416666666666667,1.48,1.0,2.6000000000000014,3.0,0.1171875,1.0,232.0,384,45,116,"{""R1"": 1.0}"
S7_MultipleCompeting,S7,held_out,AdaptiveBelief,44,0.43037974683544306,0.5696202531645569,0.1056701030927835,1.3529411764705883,1.0,2.0,2.0,0.08762886597938144,1.0,313.0,388,34,113,"{""R1"": 1.0}"
S7_MultipleCompeting,S7,held_out,AdaptiveBelief,45,0.5445544554455446,0.4554455445544554,0.10621761658031088,1.2857142857142858,1.0,2.0,2.0,0.14248704663212436,1.0,268.0,386,55,114,"{""R1"": 1.0}"
S7_MultipleCompeting,S7,held_out,AdaptiveBelief,46,0.4838709677419355,0.5161290322580645,0.08376963350785341,1.6875,1.5,2.5,4.0,0.07853403141361257,1.0,253.0,382,30,119,"{""R1"": 1.0}"
S7_MultipleCompeting,S7,held_out,UCB1,42,0.3877551020408163,0.6122448979591837,0.1111111111111111,1.6538461538461537,1.5,2.0,6.0,0.13620071684587814,1.0,43.0,279,38,221,"{""R1"": 1.0}"
S7_MultipleCompeting,S7,held_out,UCB1,43,0.39285714285714285,0.6071428571428572,0.10869565217391304,1.368421052631579,1.0,2.0,2.0,0.11956521739130435,1.0,40.0,276,33,225,"{""R1"": 1.0}"
S7_MultipleCompeting,S7,held_out,UCB1,44,0.4263565891472868,0.5736434108527132,0.0798611111111111,1.7241379310344827,2.0,2.1999999999999993,4.0,0.1909722222222222,1.0,38.0,288,55,212,"{""R1"": 1.0}"
S7_MultipleCompeting,S7,held_out,UCB1,45,0.4642857142857143,0.5357142857142857,0.09540636042402827,1.8918918918918919,2.0,2.0,4.0,0.18374558303886926,1.0,45.0,283,52,218,"{""R1"": 1.0}"
S7_MultipleCompeting,S7,held_out,UCB1,46,0.4205607476635514,0.5794392523364487,0.13333333333333333,1.6206896551724137,1.0,2.1999999999999993,5.0,0.15789473684210525,1.0,46.0,285,45,215,"{""R1"": 1.0}"
S7_MultipleCompeting,S7,held_out,RL_Experimental,42,0.33962264150943394,0.6603773584905661,0.10963455149501661,1.8461538461538463,2.0,2.0,6.0,0.059800664451827246,1.0,329.0,301,18,199,"{""R1"": 1.0}"
S7_MultipleCompeting,S7,held_out,RL_Experimental,43,0.34782608695652173,0.6521739130434783,0.12413793103448276,1.3333333333333333,1.0,2.0,2.0,0.05517241379310345,1.0,215.0,290,16,210,"{""R1"": 1.0}"
S7_MultipleCompeting,S7,held_out,RL_Experimental,44,0.3584905660377358,0.6415094339622642,0.10264900662251655,1.6363636363636365,2.0,2.0,2.0,0.06291390728476821,1.0,251.0,302,19,198,"{""R1"": 1.0}"
S7_MultipleCompeting,S7,held_out,RL_Experimental,45,0.47368421052631576,0.5263157894736843,0.09,1.7142857142857142,2.0,2.0,4.0,0.09,1.0,210.0,300,27,200,"{""R1"": 1.0}"
S7_MultipleCompeting,S7,held_out,RL_Experimental,46,0.4567901234567901,0.5432098765432098,0.13031161473087818,1.24,1.0,2.0,3.0,0.1048158640226629,1.0,337.0,353,37,148,"{""R1"": 1.0}"
S7_MultipleCompeting,S7,held_out,CognitiveAdaptive_Integrated,42,0.6019417475728155,0.3980582524271845,0.13166144200626959,1.6666666666666667,1.5,2.5,4.0,0.19435736677115986,1.0,53.0,319,62,182,"{""R1"": 1.0}"
S7_MultipleCompeting,S7,held_out,CognitiveAdaptive_Integrated,43,0.3924050632911392,0.6075949367088608,0.09698996655518395,2.0,2.0,4.0,4.0,0.10367892976588629,1.0,53.0,299,31,202,"{""R1"": 1.0}"
S7_MultipleCompeting,S7,held_out,CognitiveAdaptive_Integrated,44,0.29213483146067415,0.7078651685393258,0.1715210355987055,1.6666666666666667,1.0,2.0,6.0,0.08414239482200647,1.0,53.0,309,26,192,"{""R1"": 1.0}"
S7_MultipleCompeting,S7,held_out,CognitiveAdaptive_Integrated,45,0.3157894736842105,0.6842105263157895,0.1649122807017544,2.0588235294117645,2.0,3.4000000000000004,4.0,0.08421052631578947,1.0,53.0,285,24,215,"{""R1"": 1.0}"
S7_MultipleCompeting,S7,held_out,CognitiveAdaptive_Integrated,46,0.5058823529411764,0.49411764705882355,0.13559322033898305,1.7142857142857142,2.0,2.0,2.0,0.14576271186440679,1.0,53.0,295,43,206,"{""R1"": 1.0}"
S8_BehaviourChange,S8,held_out,Sequential,42,0.15384615384615385,0.8461538461538461,0.099601593625498,2.0,2.0,2.0,2.0,0.00796812749003984,1.0,20.0,251,2,250,"{""R1"": 1.0}"
S8_BehaviourChange,S8,held_out,Sequential,43,0.125,0.875,0.09163346613545817,2.0,2.0,2.0,2.0,0.00796812749003984,1.0,20.0,251,2,250,"{""R1"": 1.0}"
S8_BehaviourChange,S8,held_out,Sequential,44,0.16666666666666666,0.8333333333333334,0.09561752988047809,2.0,2.0,2.0,2.0,0.01195219123505976,1.0,20.0,251,3,250,"{""R1"": 1.0}"
S8_BehaviourChange,S8,held_out,Sequential,45,0.13333333333333333,0.8666666666666667,0.07569721115537849,2.0,2.0,2.0,2.0,0.00796812749003984,1.0,20.0,251,2,250,"{""R1"": 1.0}"
S8_BehaviourChange,S8,held_out,Sequential,46,0.23529411764705882,0.7647058823529411,0.08764940239043825,2.0,2.0,2.0,2.0,0.01593625498007968,1.0,20.0,251,4,250,"{""R1"": 1.0}"
S8_BehaviourChange,S8,held_out,Random,42,0.08333333333333333,0.9166666666666666,0.09022556390977443,1.0,1.0,1.0,1.0,0.0037593984962406013,1.0,116.0,266,1,234,"{""R1"": 1.0}"
S8_BehaviourChange,S8,held_out,Random,43,0.20833333333333334,0.7916666666666666,0.09433962264150944,2.0,2.0,2.0,2.0,0.018867924528301886,1.0,176.0,265,5,235,"{""R1"": 1.0}"
S8_BehaviourChange,S8,held_out,Random,44,0.15384615384615385,0.8461538461538461,0.10266159695817491,2.0,2.0,2.0,2.0,0.0076045627376425855,1.0,100.0,263,2,237,"{""R1"": 1.0}"
S8_BehaviourChange,S8,held_out,Random,45,0.05263157894736842,0.9473684210526316,0.09848484848484848,0.0,0.0,0.0,0.0,0.003787878787878788,1.0,95.0,264,1,237,"{""R1"": 1.0}"
S8_BehaviourChange,S8,held_out,Random,46,0.05263157894736842,0.9473684210526316,0.07224334600760456,2.0,2.0,2.0,2.0,0.0038022813688212928,1.0,90.0,263,1,237,"{""R1"": 1.0}"
S8_BehaviourChange,S8,held_out,AdaptiveBelief,42,0.14814814814814814,0.8518518518518519,0.10858585858585859,1.25,1.0,1.7000000000000002,2.0,0.020202020202020204,1.0,337.0,396,8,105,"{""R1"": 1.0}"
S8_BehaviourChange,S8,held_out,AdaptiveBelief,43,0.05405405405405406,0.9459459459459459,0.13178294573643412,1.0,1.0,1.0,1.0,0.00516795865633075,1.0,257.0,387,2,114,"{""R1"": 1.0}"
S8_BehaviourChange,S8,held_out,AdaptiveBelief,44,0.16326530612244897,0.8367346938775511,0.11508951406649616,1.2,1.0,1.6,2.0,0.020460358056265986,1.0,341.0,391,8,110,"{""R1"": 1.0}"
S8_BehaviourChange,S8,held_out,AdaptiveBelief,45,0.16666666666666666,0.8333333333333334,0.09207161125319693,1.3333333333333333,1.0,2.0,2.0,0.017902813299232736,1.0,331.0,391,7,109,"{""R1"": 1.0}"
S8_BehaviourChange,S8,held_out,AdaptiveBelief,46,0.0625,0.9375,0.11170212765957446,1.0,1.0,1.0,1.0,0.005319148936170213,1.0,356.0,376,2,124,"{""R1"": 1.0}"
S8_BehaviourChange,S8,held_out,UCB1,42,0.15384615384615385,0.8461538461538461,0.08076923076923077,2.0,2.0,2.0,2.0,0.015384615384615385,1.0,34.0,260,4,240,"{""R1"": 1.0}"
S8_BehaviourChange,S8,held_out,UCB1,43,0.2857142857142857,0.7142857142857143,0.09090909090909091,1.75,2.0,2.0,2.0,0.030303030303030304,1.0,34.0,264,8,237,"{""R1"": 1.0}"
S8_BehaviourChange,S8,held_out,UCB1,44,0.07692307692307693,0.9230769230769231,0.08396946564885496,2.0,2.0,2.0,2.0,0.007633587786259542,1.0,33.0,262,2,239,"{""R1"": 1.0}"
S8_BehaviourChange,S8,held_out,UCB1,45,0.16216216216216217,0.8378378378378378,0.09505703422053231,2.25,2.0,3.4000000000000004,4.0,0.022813688212927757,1.0,33.0,263,6,237,"{""R1"": 1.0}"
S8_BehaviourChange,S8,held_out,UCB1,46,0.13636363636363635,0.8636363636363636,0.09125475285171103,2.0,2.0,2.0,2.0,0.011406844106463879,1.0,33.0,263,3,237,"{""R1"": 1.0}"
S8_BehaviourChange,S8,held_out,RL_Experimental,42,0.15789473684210525,0.8421052631578947,0.10820895522388059,1.5,1.5,1.9,2.0,0.011194029850746268,1.0,132.0,268,3,232,"{""R1"": 1.0}"
S8_BehaviourChange,S8,held_out,RL_Experimental,43,0.1,0.9,0.10646387832699619,2.0,2.0,2.0,2.0,0.0076045627376425855,1.0,179.0,263,2,238,"{""R1"": 1.0}"
S8_BehaviourChange,S8,held_out,RL_Experimental,44,0.14814814814814814,0.8518518518518519,0.11842105263157894,1.0,1.0,1.0,1.0,0.013157894736842105,1.0,265.0,304,4,197,"{""R1"": 1.0}"
S8_BehaviourChange,S8,held_out,RL_Experimental,45,0.18181818181818182,0.8181818181818181,0.09025270758122744,2.3333333333333335,2.0,3.6,4.0,0.01444043321299639,1.0,165.0,277,4,223,"{""R1"": 1.0}"
S8_BehaviourChange,S8,held_out,RL_Experimental,46,0.08695652173913043,0.9130434782608696,0.09454545454545454,2.0,2.0,2.0,2.0,0.007272727272727273,1.0,116.0,275,2,226,"{""R1"": 1.0}"
S8_BehaviourChange,S8,held_out,CognitiveAdaptive_Integrated,42,0.16666666666666666,0.8333333333333334,0.10780669144981413,1.0,1.0,1.0,1.0,0.01486988847583643,1.0,45.0,269,4,231,"{""R1"": 1.0}"
S8_BehaviourChange,S8,held_out,CognitiveAdaptive_Integrated,43,0.14814814814814814,0.8518518518518519,0.09363295880149813,1.5,1.5,1.9,2.0,0.0149812734082397,1.0,49.0,267,4,233,"{""R1"": 1.0}"
S8_BehaviourChange,S8,held_out,CognitiveAdaptive_Integrated,44,0.041666666666666664,0.9583333333333334,0.06844106463878327,2.0,2.0,2.0,2.0,0.0038022813688212928,1.0,52.0,263,1,238,"{""R1"": 1.0}"
S8_BehaviourChange,S8,held_out,CognitiveAdaptive_Integrated,45,0.21052631578947367,0.7894736842105263,0.08812260536398467,2.0,2.0,2.0,2.0,0.01532567049808429,1.0,50.0,261,4,240,"{""R1"": 1.0}"
S8_BehaviourChange,S8,held_out,CognitiveAdaptive_Integrated,46,0.2,0.8,0.08171206225680934,2.0,2.0,2.0,2.0,0.007782101167315175,1.0,42.0,257,2,243,"{""R1"": 1.0}"
S9_JitteredPeriodic,S9,held_out,Sequential,42,0.6666666666666666,0.33333333333333337,0.07569721115537849,0.8571428571428571,0.0,2.8000000000000007,4.0,0.03187250996015936,1.0,20.0,251,8,250,"{""R1"": 1.0}"
S9_JitteredPeriodic,S9,held_out,Sequential,43,0.5384615384615384,0.46153846153846156,0.06374501992031872,1.6666666666666667,2.0,3.0,4.0,0.027888446215139442,1.0,20.0,251,7,250,"{""R1"": 1.0}"
S9_JitteredPeriodic,S9,held_out,Sequential,44,0.2857142857142857,0.7142857142857143,0.07171314741035857,1.3333333333333333,2.0,2.0,2.0,0.01593625498007968,1.0,20.0,251,4,250,"{""R1"": 1.0}"
S9_JitteredPeriodic,S9,held_out,Sequential,45,0.3333333333333333,0.6666666666666667,0.07171314741035857,1.5,0.0,4.200000000000001,6.0,0.01593625498007968,1.0,20.0,251,4,250,"{""R1"": 1.0}"
S9_JitteredPeriodic,S9,held_out,Sequential,46,0.18181818181818182,0.8181818181818181,0.09163346613545817,0.0,0.0,0.0,0.0,0.00796812749003984,1.0,20.0,251,2,250,"{""R1"": 1.0}"
S9_JitteredPeriodic,S9,held_out,Random,42,0.47619047619047616,0.5238095238095238,0.07142857142857142,0.4,0.0,1.0999999999999996,2.0,0.03759398496240601,1.0,116.0,266,10,234,"{""R1"": 1.0}"
S9_JitteredPeriodic,S9,held_out,Random,43,0.5263157894736842,0.4736842105263158,0.06037735849056604,0.7777777777777778,0.0,2.0,2.0,0.03773584905660377,1.0,176.0,265,10,235,"{""R1"": 1.0}"
S9_JitteredPeriodic,S9,held_out,Random,44,0.5,0.5,0.06844106463878327,0.4,0.0,1.2000000000000002,2.0,0.019011406844106463,1.0,100.0,263,5,237,"{""R1"": 1.0}"
S9_JitteredPeriodic,S9,held_out,Random,45,0.4117647058823529,0.5882352941176471,0.06818181818181818,1.8571428571428572,1.0,4.400000000000002,8.0,0.026515151515151516,1.0,95.0,264,7,237,"{""R1"": 1.0}"
S9_JitteredPeriodic,S9,held_out,Random,46,0.35,0.65,0.060836501901140684,1.8333333333333333,2.0,3.5,5.0,0.026615969581749048,1.0,90.0,263,7,237,"{""R1"": 1.0}"
S9_JitteredPeriodic,S9,held_out,AdaptiveBelief,42,0.4715909090909091,0.5284090909090908,0.19036144578313252,0.6329113924050633,1.0,1.0,2.0,0.2,1.0,399.0,415,83,85,"{""R1"": 1.0}"
S9_JitteredPeriodic,S9,held_out,AdaptiveBelief,43,0.46710526315789475,0.5328947368421053,0.2020460358056266,0.59375,1.0,1.0,1.0,0.1815856777493606,1.0,258.0,391,71,109,"{""R1"": 1.0}"
S9_JitteredPeriodic,S9,held_out,AdaptiveBelief,44,0.5260416666666666,0.47395833333333337,0.20095693779904306,0.6521739130434783,1.0,1.0,4.0,0.24162679425837322,1.0,397.0,418,101,82,"{""R1"": 1.0}"
S9_JitteredPeriodic,S9,held_out,AdaptiveBelief,45,0.5352112676056338,0.46478873239436624,0.09414758269720101,0.6333333333333333,1.0,1.0,2.0,0.09669211195928754,1.0,243.0,393,38,107,"{""R1"": 1.0}"
S9_JitteredPeriodic,S9,held_out,AdaptiveBelief,46,0.5706214689265536,0.42937853107344637,0.19306930693069307,0.6,1.0,1.0,2.0,0.25,1.0,346.0,404,101,96,"{""R1"": 1.0}"
S9_JitteredPeriodic,S9,held_out,UCB1,42,0.4222222222222222,0.5777777777777777,0.07434944237918216,1.3529411764705883,1.0,2.8000000000000007,6.0,0.07063197026022305,1.0,30.0,269,19,232,"{""R1"": 1.0}"
S9_JitteredPeriodic,S9,held_out,UCB1,43,0.25,0.75,0.09090909090909091,1.0,0.5,2.0,4.0,0.03409090909090909,1.0,34.0,264,9,237,"{""R1"": 1.0}"
S9_JitteredPeriodic,S9,held_out,UCB1,44,0.4642857142857143,0.5357142857142857,0.09420289855072464,0.875,1.0,1.6999999999999993,4.0,0.09420289855072464,1.0,34.0,276,26,224,"{""R1"": 1.0}"
S9_JitteredPeriodic,S9,held_out,UCB1,45,0.5087719298245614,0.49122807017543857,0.08058608058608059,0.16666666666666666,0.0,1.0,1.0,0.10622710622710622,1.0,33.0,273,29,227,"{""R1"": 1.0}"
S9_JitteredPeriodic,S9,held_out,UCB1,46,0.4716981132075472,0.5283018867924528,0.10108303249097472,0.9523809523809523,1.0,2.0,7.0,0.09025270758122744,1.0,38.0,277,25,223,"{""R1"": 1.0}"
S9_JitteredPeriodic,S9,held_out,RL_Experimental,42,0.5192307692307693,0.4807692307692307,0.12893982808022922,0.5576923076923077,1.0,1.0,1.0,0.15472779369627507,1.0,334.0,349,54,151,"{""R1"": 1.0}"
S9_JitteredPeriodic,S9,held_out,RL_Experimental,43,0.44155844155844154,0.5584415584415585,0.12693498452012383,0.6470588235294118,1.0,1.0,2.0,0.10526315789473684,1.0,260.0,323,34,178,"{""R1"": 1.0}"
S9_JitteredPeriodic,S9,held_out,RL_Experimental,44,0.32432432432432434,0.6756756756756757,0.07947019867549669,0.75,1.0,1.0,2.0,0.039735099337748346,1.0,175.0,302,12,198,"{""R1"": 1.0}"
S9_JitteredPeriodic,S9,held_out,RL_Experimental,45,0.5363636363636364,0.4636363636363636,0.13953488372093023,0.5909090909090909,1.0,1.0,2.0,0.17151162790697674,1.0,271.0,344,59,157,"{""R1"": 1.0}"
S9_JitteredPeriodic,S9,held_out,RL_Experimental,46,0.4864864864864865,0.5135135135135135,0.13149847094801223,0.8666666666666667,1.0,2.0,4.0,0.11009174311926606,1.0,309.0,327,36,173,"{""R1"": 1.0}"
S9_JitteredPeriodic,S9,held_out,CognitiveAdaptive_Integrated,42,0.5206611570247934,0.47933884297520657,0.16417910447761194,0.7959183673469388,1.0,1.2000000000000028,3.0,0.1880597014925373,1.0,53.0,335,63,165,"{""R1"": 1.0}"
S9_JitteredPeriodic,S9,held_out,CognitiveAdaptive_Integrated,43,0.5242718446601942,0.47572815533980584,0.15548780487804878,0.6818181818181818,1.0,1.0,4.0,0.16463414634146342,1.0,53.0,328,54,173,"{""R1"": 1.0}"
S9_JitteredPeriodic,S9,held_out,CognitiveAdaptive_Integrated,44,0.43023255813953487,0.5697674418604651,0.12418300653594772,0.696969696969697,1.0,1.8000000000000007,4.0,0.12091503267973856,1.0,53.0,306,37,194,"{""R1"": 1.0}"
S9_JitteredPeriodic,S9,held_out,CognitiveAdaptive_Integrated,45,0.5233644859813084,0.47663551401869164,0.1529051987767584,0.6086956521739131,0.5,1.0,4.0,0.1712538226299694,1.0,53.0,327,56,173,"{""R1"": 1.0}"
S9_JitteredPeriodic,S9,held_out,CognitiveAdaptive_Integrated,46,0.5333333333333333,0.4666666666666667,0.11578947368421053,0.68,0.0,2.0,2.0,0.11228070175438597,1.0,53.0,285,32,216,"{""R1"": 1.0}"
S10_MultiReceiverAsymmetric,S10,held_out,Sequential,42,0.2222222222222222,0.7777777777777778,0.046,1.125,1.0,1.2999999999999998,2.0,0.02,1.0,28.0,500,10,499,"{""R1"": 0.334, ""R2"": 0.334, ""R3"": 0.332}"
S10_MultiReceiverAsymmetric,S10,held_out,Sequential,43,0.23076923076923078,0.7692307692307692,0.052,1.25,1.0,2.0,2.0,0.018,1.0,28.0,500,9,499,"{""R1"": 0.334, ""R2"": 0.334, ""R3"": 0.332}"
S10_MultiReceiverAsymmetric,S10,held_out,Sequential,44,0.24324324324324326,0.7567567567567568,0.04,1.0,1.0,1.0,1.0,0.018,1.0,28.0,500,9,499,"{""R1"": 0.334, ""R2"": 0.334, ""R3"": 0.332}"
S10_MultiReceiverAsymmetric,S10,held_out,Sequential,45,0.0975609756097561,0.9024390243902439,0.044,1.0,1.0,1.0,1.0,0.008,1.0,28.0,500,4,499,"{""R1"": 0.334, ""R2"": 0.334, ""R3"": 0.332}"
S10_MultiReceiverAsymmetric,S10,held_out,Sequential,46,0.20833333333333334,0.7916666666666666,0.05,1.4444444444444444,1.0,2.4000000000000004,4.0,0.02,1.0,28.0,500,10,499,"{""R1"": 0.334, ""R2"": 0.334, ""R3"": 0.332}"
S10_MultiReceiverAsymmetric,S10,held_out,Random,42,0.17777777777777778,0.8222222222222222,0.048,1.4285714285714286,1.0,2.200000000000001,4.0,0.016,1.0,178.0,500,8,499,"{""R1"": 0.334, ""R2"": 0.334, ""R3"": 0.332}"
S10_MultiReceiverAsymmetric,S10,held_out,Random,43,0.11627906976744186,0.8837209302325582,0.052,1.0,1.0,1.0,1.0,0.01,1.0,241.0,500,5,499,"{""R1"": 0.334, ""R2"": 0.334, ""R3"": 0.332}"
S10_MultiReceiverAsymmetric,S10,held_out,Random,44,0.08108108108108109,0.9189189189189189,0.046,1.0,1.0,1.0,1.0,0.006,1.0,155.0,500,3,499,"{""R1"": 0.334, ""R2"": 0.334, ""R3"": 0.332}"
S10_MultiReceiverAsymmetric,S10,held_out,Random,45,0.10638297872340426,0.8936170212765957,0.048,1.0,1.0,1.0,1.0,0.01,1.0,148.0,500,5,499,"{""R1"": 0.334, ""R2"": 0.334, ""R3"": 0.332}"
S10_MultiReceiverAsymmetric,S10,held_out,Random,46,0.2,0.8,0.05,1.0,1.0,1.0,1.0,0.016,1.0,139.0,500,8,499,"{""R1"": 0.334, ""R2"": 0.334, ""R3"": 0.332}"
S10_MultiReceiverAsymmetric,S10,held_out,AdaptiveBelief,42,0.2222222222222222,0.7777777777777778,0.062,1.0,1.0,1.0,1.0,0.016,1.0,184.0,500,8,499,"{""R1"": 0.334, ""R2"": 0.334, ""R3"": 0.332}"
S10_MultiReceiverAsymmetric,S10,held_out,AdaptiveBelief,43,0.2,0.8,0.054,1.4,1.0,2.0,2.0,0.012,1.0,248.0,500,6,499,"{""R1"": 0.334, ""R2"": 0.334, ""R3"": 0.332}"
S10_MultiReceiverAsymmetric,S10,held_out,AdaptiveBelief,44,0.2549019607843137,0.7450980392156863,0.074,1.1818181818181819,1.0,2.0,2.0,0.026,1.0,245.0,500,13,499,"{""R1"": 0.334, ""R2"": 0.334, ""R3"": 0.332}"
S10_MultiReceiverAsymmetric,S10,held_out,AdaptiveBelief,45,0.23076923076923078,0.7692307692307692,0.09,1.3636363636363635,1.0,2.0,3.0,0.024,1.0,242.0,500,12,499,"{""R1"": 0.334, ""R2"": 0.334, ""R3"": 0.332}"
S10_MultiReceiverAsymmetric,S10,held_out,AdaptiveBelief,46,0.3157894736842105,0.6842105263157895,0.092,1.375,1.0,2.5,3.0,0.036,1.0,244.0,500,18,499,"{""R1"": 0.334, ""R2"": 0.334, ""R3"": 0.332}"
S10_MultiReceiverAsymmetric,S10,held_out,UCB1,42,0.2641509433962264,0.7358490566037736,0.06,1.0,1.0,1.0,1.0,0.028,1.0,39.0,500,14,499,"{""R1"": 0.334, ""R2"": 0.334, ""R3"": 0.332}"
S10_MultiReceiverAsymmetric,S10,held_out,UCB1,43,0.32653061224489793,0.6734693877551021,0.06,1.2666666666666666,1.0,2.1999999999999993,3.0,0.032,1.0,34.0,500,16,499,"{""R1"": 0.334, ""R2"": 0.334, ""R3"": 0.332}"
S10_MultiReceiverAsymmetric,S10,held_out,UCB1,44,0.175,0.825,0.052,1.0,1.0,1.0,1.0,0.014,1.0,37.0,500,7,499,"{""R1"": 0.334, ""R2"": 0.334, ""R3"": 0.332}"
S10_MultiReceiverAsymmetric,S10,held_out,UCB1,45,0.1111111111111111,0.8888888888888888,0.05,1.0,1.0,1.0,1.0,0.01,1.0,40.0,500,5,499,"{""R1"": 0.334, ""R2"": 0.334, ""R3"": 0.332}"
S10_MultiReceiverAsymmetric,S10,held_out,UCB1,46,0.23255813953488372,0.7674418604651163,0.072,1.4,1.0,3.0,3.0,0.02,1.0,38.0,500,10,499,"{""R1"": 0.334, ""R2"": 0.334, ""R3"": 0.332}"
S10_MultiReceiverAsymmetric,S10,held_out,RL_Experimental,42,0.23214285714285715,0.7678571428571428,0.07,1.0,1.0,1.0,1.0,0.026,1.0,197.0,500,13,499,"{""R1"": 0.334, ""R2"": 0.334, ""R3"": 0.332}"
S10_MultiReceiverAsymmetric,S10,held_out,RL_Experimental,43,0.30612244897959184,0.6938775510204082,0.066,1.2,1.0,2.0,2.0,0.03,1.0,279.0,500,15,499,"{""R1"": 0.334, ""R2"": 0.334, ""R3"": 0.332}"
S10_MultiReceiverAsymmetric,S10,held_out,RL_Experimental,44,0.2037037037037037,0.7962962962962963,0.054,1.125,1.0,1.2999999999999998,2.0,0.022,1.0,195.0,500,11,499,"{""R1"": 0.334, ""R2"": 0.334, ""R3"": 0.332}"
S10_MultiReceiverAsymmetric,S10,held_out,RL_Experimental,45,0.18181818181818182,0.8181818181818181,0.066,1.1111111111111112,1.0,1.2000000000000002,2.0,0.02,1.0,259.0,500,10,499,"{""R1"": 0.334, ""R2"": 0.334, ""R3"": 0.332}"
S10_MultiReceiverAsymmetric,S10,held_out,RL_Experimental,46,0.2909090909090909,0.7090909090909091,0.076,1.0,1.0,1.0,1.0,0.032,1.0,167.0,500,16,499,"{""R1"": 0.334, ""R2"": 0.334, ""R3"": 0.332}"
S10_MultiReceiverAsymmetric,S10,held_out,CognitiveAdaptive_Integrated,42,0.345679012345679,0.654320987654321,0.082,1.1428571428571428,1.0,1.0,3.0,0.056,1.0,48.0,500,28,428,"{""R1"": 0.302, ""R2"": 0.254, ""R3"": 0.444}"
S10_MultiReceiverAsymmetric,S10,held_out,CognitiveAdaptive_Integrated,43,0.2328767123287671,0.7671232876712328,0.052,1.0,1.0,1.0,1.0,0.034,1.0,49.0,500,17,443,"{""R1"": 0.364, ""R2"": 0.31, ""R3"": 0.326}"
S10_MultiReceiverAsymmetric,S10,held_out,CognitiveAdaptive_Integrated,44,0.32051282051282054,0.6794871794871795,0.064,1.0,1.0,1.0,1.0,0.05,1.0,48.0,500,25,430,"{""R1"": 0.466, ""R2"": 0.238, ""R3"": 0.296}"
S10_MultiReceiverAsymmetric,S10,held_out,CognitiveAdaptive_Integrated,45,0.28,0.72,0.072,1.1666666666666667,1.0,2.0,2.0,0.042,1.0,46.0,500,21,427,"{""R1"": 0.31, ""R2"": 0.312, ""R3"": 0.378}"
S10_MultiReceiverAsymmetric,S10,held_out,CognitiveAdaptive_Integrated,46,0.3333333333333333,0.6666666666666667,0.102,1.0909090909090908,1.0,1.0,2.0,0.056,1.0,43.0,500,28,422,"{""R1"": 0.31, ""R2"": 0.228, ""R3"": 0.462}"
