timestamp,frequency,pulse_width,amplitude,angle,receiver_id
0.002571,5800.00,8.657,-56.64,-146.1,R1
0.004524,2400.00,7.731,-51.77,-133.9,R1
0.005480,5800.00,9.304,-59.59,116.2,R1
0.006422,2400.00,2.659,-64.50,-157.0,R1
0.008095,2400.00,7.702,-75.50,169.5,R1
0.009892,5800.00,7.895,-84.29,-12.0,R1
0.010075,5800.00,6.989,-54.04,168.3,R1
0.010794,1200.00,4.019,-69.17,-111.8,R1
0.011141,5800.00,2.656,-58.16,-22.6,R1
0.012823,2400.00,7.153,-77.82,119.6,R1
0.014452,9300.00,3.239,-57.46,-129.7,R1
0.014932,2400.00,0.570,-51.72,59.3,R1
0.016372,2400.00,4.860,-63.72,-129.7,R1
0.016689,9300.00,6.850,-69.09,23.5,R1
0.018243,5800.00,5.759,-64.24,-70.6,R1
0.018401,5800.00,4.649,-83.20,-32.9,R1
0.020123,1200.00,1.054,-79.52,-74.3,R1
0.021481,1200.00,5.792,-51.89,59.2,R1
0.022353,2400.00,2.086,-93.75,-147.6,R1
0.023825,9300.00,4.888,-86.13,0.4,R1
0.024215,2400.00,4.738,-74.04,-71.5,R1
0.025512,5800.00,3.937,-90.18,-137.5,R1
0.027440,2400.00,7.147,-80.38,168.9,R1
0.029019,9300.00,7.310,-70.29,-82.0,R1
0.029302,2400.00,4.830,-83.87,-69.9,R1
0.030503,9300.00,2.179,-47.89,93.1,R1
0.031970,5800.00,6.459,-62.87,53.9,R1
0.032230,2400.00,4.450,-92.71,-2.2,R1
0.032957,5800.00,1.482,-62.68,-118.6,R1
0.034815,1200.00,6.020,-75.92,32.7,R1
0.034958,1200.00,5.082,-51.95,-150.2,R1
0.035983,9300.00,5.162,-43.42,25.8,R1
0.036982,9300.00,3.650,-66.36,-22.0,R1
0.037124,2400.00,8.350,-45.71,-129.5,R1
0.038276,2400.00,6.886,-79.53,57.4,R1
0.039757,1200.00,7.802,-89.07,149.8,R1
0.040295,1200.00,5.771,-74.60,118.7,R1
0.041931,1200.00,3.513,-42.59,-75.3,R1
0.043009,9300.00,9.392,-85.95,-163.8,R1
0.043936,2400.00,9.928,-45.96,89.5,R1
0.045728,1200.00,5.429,-77.62,97.9,R1
0.047086,9300.00,4.050,-89.80,88.8,R1
0.047684,1200.00,2.789,-88.25,119.2,R1
0.048075,9300.00,2.203,-62.03,134.8,R1
0.048549,2400.00,7.885,-41.55,0.3,R1
0.048922,2400.00,0.632,-82.37,-132.5,R1
0.050310,9300.00,5.310,-56.82,29.2,R1
0.050789,1200.00,8.139,-55.65,86.0,R1
0.051138,2400.00,9.312,-73.13,-71.7,R1
0.052167,1200.00,6.797,-42.44,-76.9,R1
0.054024,2400.00,5.774,-60.13,-141.9,R1
0.054390,1200.00,4.482,-41.86,34.6,R1
0.056263,5800.00,4.940,-51.84,-173.6,R1
0.056570,9300.00,8.380,-51.18,-96.2,R1
0.057679,9300.00,8.744,-61.83,-31.5,R1
0.058490,5800.00,4.546,-59.14,132.3,R1
0.059452,5800.00,2.748,-53.97,114.0,R1
0.059752,1200.00,1.132,-62.31,-127.4,R1
0.061419,2400.00,1.867,-44.35,-120.4,R1
0.062060,2400.00,1.959,-88.65,-172.4,R1
0.062265,1200.00,1.007,-62.49,65.1,R1
0.063113,1200.00,3.521,-67.25,135.0,R1
0.064830,5800.00,2.224,-81.98,-90.2,R1
0.066016,1200.00,4.454,-92.29,-45.5,R1
0.067111,9300.00,8.418,-92.14,152.9,R1
0.067399,1200.00,8.514,-45.35,172.6,R1
0.069023,5800.00,6.604,-52.16,-131.6,R1
0.070142,9300.00,5.385,-47.83,-13.4,R1
0.070973,5800.00,3.031,-87.31,-8.0,R1
0.071865,5800.00,2.709,-74.79,-48.1,R1
0.072588,2400.00,7.015,-78.67,161.6,R1
0.074429,2400.00,5.069,-76.94,12.8,R1
0.076141,2400.00,8.142,-65.70,47.9,R1
0.076788,5800.00,7.481,-83.87,70.1,R1
0.078524,9300.00,6.337,-89.77,81.3,R1
0.078784,1200.00,9.391,-87.44,165.2,R1
0.080406,2400.00,7.935,-51.27,160.6,R1
0.080987,5800.00,6.106,-89.77,41.8,R1
0.081413,1200.00,5.938,-69.37,8.1,R1
0.082964,5800.00,8.093,-67.93,35.9,R1
0.084834,9300.00,1.612,-90.18,56.8,R1
0.085729,1200.00,7.856,-58.08,-59.9,R1
0.087536,9300.00,3.070,-74.97,-66.8,R1
0.087935,9300.00,1.904,-43.51,-22.4,R1
0.088764,1200.00,5.753,-43.51,100.9,R1
0.089774,5800.00,4.075,-40.74,78.4,R1
0.091682,2400.00,8.580,-59.96,-136.1,R1
0.092899,1200.00,7.018,-94.32,-16.4,R1
0.094568,2400.00,4.856,-70.67,-71.3,R1
0.096413,2400.00,7.922,-88.92,178.9,R1
0.098183,5800.00,8.451,-89.15,179.7,R1
0.099548,2400.00,6.676,-90.03,142.9,R1
0.099703,1200.00,1.859,-52.28,-108.6,R1
0.101533,1200.00,6.735,-93.01,-178.0,R1
0.101731,9300.00,8.114,-81.88,125.8,R1
0.101940,5800.00,8.109,-43.97,98.0,R1
0.103367,9300.00,0.881,-83.90,-135.0,R1
0.104425,9300.00,7.579,-60.35,126.4,R1
0.104820,9300.00,2.334,-80.11,75.6,R1
0.106783,5800.00,6.310,-92.00,41.9,R1
